,Unnamed: 0,Id,Country,NER
0,0,Brasil,Brasil,Brasil
1,3,India,India,India
2,4,4,India,LOCATION
3,5,France,France,France
4,6,England,England,England
5,7,America,America,America
6,8,America,America,America
7,10,America,America,America
8,11,11,Antarctica,LOCATION
9,14,Holland,Holland,Holland
10,15,Pakistani,Pakistani,Pakistani
11,17,America,America,America
12,18,18,Scotland,LOCATION
13,19,United Kingdom,United Kingdom,United Kingdom
14,20,Canada,Canada,Canada
15,21,21,Canada,LOCATION
16,22,United Kingdom,United Kingdom,United Kingdom
17,23,United Kingdom,United Kingdom,United Kingdom
18,25,America,America,America
19,26,America,America,America
20,27,America,America,America
21,29,America,America,America
22,32,America,America,America
23,33,America,America,America
24,35,35,Venezuela,LOCATION
25,36,America,America,America
26,38,America,America,America
27,39,England,England,England
28,40,United Kingdom,United Kingdom,United Kingdom
29,41,England,England,England
30,42,42,England,LOCATION
31,43,43,England,LOCATION
32,45,United Kingdom,United Kingdom,United Kingdom
33,46,Brasil,Brasil,Brasil
34,47,47,Brasil,LOCATION
35,48,England,England,England
36,49,India,India,India
37,50,50,India,LOCATION
38,51,51,Colombia,LOCATION
39,52,America,America,America
40,53,America,America,America
41,54,Canada,Canada,Canada
42,55,55,Canada,LOCATION
43,56,Canada,Canada,Canada
44,57,United Kingdom,United Kingdom,United Kingdom
45,58,58,Columbia,LOCATION
46,59,England,England,England
47,60,60,England,LOCATION
48,61,Germany,Germany,Germany
49,64,64,Venezuela,LOCATION
50,65,65,Georgia,LOCATION
51,66,America,America,America
52,67,England,England,England
53,68,68,England,LOCATION
54,70,Brasil,Brasil,Brasil
55,71,America,America,America
56,72,America,America,America
57,73,United Kingdom,United Kingdom,United Kingdom
58,74,74,America,LOCATION
59,76,America,America,America
60,78,France,France,France
61,79,79,France,LOCATION
62,80,America,America,America
63,83,America,America,America
64,85,Canada,Canada,Canada
65,86,America,America,America
66,88,88,Kenya,LOCATION
67,89,England,England,England
68,90,Holland,Holland,Holland
69,92,America,America,America
70,95,America,America,America
71,97,America,America,America
72,102,102,America,LOCATION
73,103,England,England,England
74,104,Canada,Canada,Canada
75,105,United Kingdom,United Kingdom,United Kingdom
76,106,106,Columbia,LOCATION
77,107,107,Ghana,LOCATION
78,111,111,England,LOCATION
79,112,America,America,America
80,113,Dominican Republic,Dominican Republic,Dominican Republic
81,116,116,Venezuela,LOCATION
82,117,Argentina,Argentina,Argentina
83,119,America,America,America
84,122,America,America,America
85,123,America,America,America
86,124,124,Canada,LOCATION
87,126,America,America,America
88,128,128,India,LOCATION
89,129,129,America,LOCATION
90,United Arab Emirates ,United Arab Emirates ,United Arab Emirates ,United Arab Emirates 
91,131,France,France,France
92,132,132,France,LOCATION
93,134,America,America,America
95,136,136,Colombia,LOCATION
97,138,United Kingdom,United Kingdom,United Kingdom
99,140,140,Spain,LOCATION
100,142,United Kingdom,United Kingdom,United Kingdom
101,143,143,Canada,LOCATION
102,144,America,America,America
105,America,America,America,America
106,148,148,Bolivia,LOCATION
108,150,United Kingdom,United Kingdom,United Kingdom
109,America,America,America,America
110,America,America,America,America
111,France,France,France,France
112,154,Holland,Holland,Holland
113,155,America,America,America
114,156,America,America,America
115,157,England,England,England
116,158,158,England,LOCATION
117,America,America,America,America
119,England,England,England,England
120,America,America,America,America
121,165,United Kingdom,United Kingdom,United Kingdom
122,America,America,America,America
123,167,America,America,America
124,168,America,America,America
127,171,171,Chile,LOCATION
128,America,America,America,America
130,174,Brasil,Brasil,Brasil
131,175,175,Brasil,LOCATION
132,England,England,England,England
133,America,America,America,America
134,America,America,America,America
135,180,America,America,America
138,184,America,America,America
139,185,185,Canada,LOCATION
140,America,America,America,America
142,188,America,America,America
143,189,America,America,America
144,191,America,America,America
145,192,America,America,America
146,America,America,America,America
149,America,America,America,America
150,America,America,America,America
151,198,America,America,America
152,India,India,India,India
153,America,America,America,America
155,America,America,America,America
156,204,America,America,America
157,Colombia,Colombia,Colombia,Colombia
158,America,America,America,America
159,207,207,Colombia,LOCATION
160,209,America,America,America
161,210,America,America,America
162,America,America,America,America
163,America,America,America,America
164,213,213,Nigeria,LOCATION
165,Canada,Canada,Canada,Canada
166,Canada,Canada,Canada,Canada
167,Czech Republic,Czech Republic,Czech Republic,Czech Republic
169,218,America,America,America
170,220,United Kingdom,United Kingdom,United Kingdom
172,America,America,America,America
174,224,America,America,America
175,America,America,America,America
176,226,America,America,America
178,228,America,America,America
179,Namibia,Namibia,Namibia,Namibia
180,231,Brasil,Brasil,Brasil
181,232,232,Brasil,LOCATION
183,234,America,America,America
184,Germany,Germany,Germany,Germany
185,236,United Kingdom,United Kingdom,United Kingdom
187,239,America,America,America
189,241,241,England,LOCATION
190,England,England,England,England
194,246,America,America,America
196,248,248,Uruguay,LOCATION
197,Germany,Germany,Germany,Germany
198,252,America,America,America
199,America,America,America,America
201,255,America,America,America
202,America,America,America,America
204,259,United Kingdom,United Kingdom,United Kingdom
205,260,United Kingdom,United Kingdom,United Kingdom
207,America,America,America,America
209,America,America,America,America
210,266,266,India,LOCATION
211,Colombia,Colombia,Colombia,Colombia
212,America,America,America,America
213,269,269,Colombia,LOCATION
215,271,England,England,England
216,272,United Kingdom,United Kingdom,United Kingdom
217,273,America,America,America
218,275,America,America,America
219,276,America,America,America
221,278,America,America,America
222,America,America,America,America
223,281,America,America,America
224,Georgia,Georgia,Georgia,Georgia
225,283,Holland,Holland,Holland
226,284,Holland,Holland,Holland
227,Mexico,Mexico,Mexico,Mexico
230,289,America,America,America
231,America,America,America,America
233,293,293,England,LOCATION
234,295,America,America,America
238,300,300,Bolivia,LOCATION
239,302,America,America,America
240,America,America,America,America
242,305,305,India,LOCATION
243,306,306,Scotland,LOCATION
246,309,309,Australia,LOCATION
248,311,311,Portugal,LOCATION
251,316,America,America,America
252,319,319,Venezuela,LOCATION
253,320,320,Colombia,LOCATION
254,America,America,America,America
257,America,America,America,America
258,325,United Kingdom,United Kingdom,United Kingdom
259,America,America,America,America
260,327,Canada,Canada,Canada
261,328,United Kingdom,United Kingdom,United Kingdom
262,329,329,Columbia,LOCATION
263,330,America,America,America
264,America,America,America,America
265,332,America,America,America
266,334,America,America,America
267,America,America,America,America
268,337,337,Nigeria,LOCATION
269,338,338,Chile,LOCATION
270,South Africa,South Africa,South Africa,South Africa
272,America,America,America,America
273,United Kingdom,United Kingdom,United Kingdom,United Kingdom
276,348,America,America,America
279,America,America,America,America
281,353,America,America,America
284,America,America,America,America
285,357,357,Lantana,LOCATION
286,America,America,America,America
288,360,America,America,America
289,361,America,America,America
291,363,363,Scotland,LOCATION
292,364,England,England,England
293,365,United Kingdom,United Kingdom,United Kingdom
294,366,366,Georgia,LOCATION
295,367,America,America,America
296,369,369,England,LOCATION
301,376,England,England,England
302,378,378,England,LOCATION
304,America,America,America,America
306,383,America,America,America
307,384,384,Mexico,LOCATION
308,385,Holland,Holland,Holland
309,America,America,America,America
310,387,United Kingdom,United Kingdom,United Kingdom
311,388,America,America,America
312,Spain,Spain,Spain,Spain
313,390,390,Argentina,LOCATION
314,United Arab Emirates ,United Arab Emirates ,United Arab Emirates ,United Arab Emirates 
315,United Arab Emirates,United Arab Emirates,United Arab Emirates,United Arab Emirates
319,Nigeria,Nigeria,Nigeria,Nigeria
320,America,America,America,America
321,399,America,America,America
322,400,400,Colombia,LOCATION
324,America,America,America,America
325,404,404,Brazil,LOCATION
326,405,England,England,England
327,South Africa,South Africa,South Africa,South Africa
328,411,411,Argentina,LOCATION
330,America,America,America,America
331,Canada,Canada,Canada,Canada
332,Canada,Canada,Canada,Canada
336,420,America,America,America
337,423,423,Columbia,LOCATION
338,India,India,India,India
339,425,425,India,LOCATION
340,England,England,England,England
342,India,India,India,India
344,431,America,America,America
345,432,432,Germany,LOCATION
346,America,America,America,America
347,America,America,America,America
348,436,America,America,America
349,America,America,America,America
350,438,America,America,America
352,440,440,America,LOCATION
353,441,America,America,America
354,America,America,America,America
356,444,United Kingdom,United Kingdom,United Kingdom
358,446,446,India,LOCATION
359,England,England,England,England
362,450,America,America,America
363,451,America,America,America
364,452,America,America,America
365,456,America,America,America
366,America,America,America,America
367,459,Brasil,Brasil,Brasil
368,460,460,Brasil,LOCATION
369,America,America,America,America
374,466,466,Japan,LOCATION
376,468,America,America,America
377,Colombia,Colombia,Colombia,Colombia
378,America,America,America,America
379,471,471,Colombia,LOCATION
380,472,472,Argentina,LOCATION
381,473,473,America,LOCATION
382,Peru,Peru,Peru,Peru
383,Scotland,Scotland,Scotland,Scotland
384,America,America,America,America
385,477,America,America,America
386,478,Canada,Canada,Canada
387,America,America,America,America
388,480,America,America,America
389,America,America,America,America
392,England,England,England,England
395,487,487,France,LOCATION
397,490,America,America,America
398,492,Argentina,Argentina,Argentina
401,America,America,America,America
403,498,America,America,America
405,500,500,Scotland,LOCATION
406,Congo,Congo,Congo,Congo
407,502,502,Chile,LOCATION
408,America,America,America,America
409,506,America,America,America
410,507,America,America,America
411,America,America,America,America
413,510,510,Ghana,LOCATION
414,511,511,India,LOCATION
415,512,America,America,America
417,515,Brasil,Brasil,Brasil
419,517,517,Uruguay,LOCATION
420,America,America,America,America
421,519,America,America,America
423,521,521,Brasil,LOCATION
425,523,America,America,America
427,525,America,America,America
429,527,America,America,America
430,528,528,Georgia,LOCATION
431,529,America,America,America
435,534,America,America,America
436,536,America,America,America
437,537,America,America,America
439,America,America,America,America
440,Slovakia,Slovakia,Slovakia,Slovakia
441,541,541,Slovakia,LOCATION
442,542,542,Guatemala,LOCATION
446,America,America,America,America
447,547,England,England,England
449,America,America,America,America
450,551,America,America,America
452,553,America,America,America
453,America,America,America,America
454,555,America,America,America
455,America,America,America,America
457,559,559,Canada,LOCATION
458,560,England,England,England
459,561,Canada,Canada,Canada
462,564,Holland,Holland,Holland
463,565,France,France,France
464,566,Argentina,Argentina,Argentina
465,568,568,Argentina,LOCATION
466,Canada,Canada,Canada,Canada
469,573,America,America,America
470,574,America,America,America
471,575,America,America,America
473,577,America,America,America
475,579,America,America,America
477,581,581,England,LOCATION
479,583,583,Nigeria,LOCATION
480,America,America,America,America
482,America,America,America,America
483,587,587,Nigeria,LOCATION
485,America,America,America,America
487,591,America,America,America
489,593,593,France,LOCATION
491,America,America,America,America
495,599,America,America,America
496,601,America,America,America
497,602,America,America,America
498,604,America,America,America
499,605,America,America,America
501,607,607,Colombia,LOCATION
502,608,608,Canada,LOCATION
503,America,America,America,America
504,America,America,America,America
505,611,America,America,America
507,America,America,America,America
508,America,America,America,America
509,America,America,America,America
510,617,England,England,England
511,618,618,England,LOCATION
515,623,America,America,America
518,America,America,America,America
520,629,629,France,LOCATION
521,630,630,Colombia,LOCATION
523,633,633,England,LOCATION
525,America,America,America,America
526,636,America,America,America
528,639,639,England,LOCATION
530,641,America,America,America
531,642,642,Rwanda,LOCATION
532,America,America,America,America
533,646,646,Canada,LOCATION
534,America,America,America,America
537,652,America,America,America
538,America,America,America,America
539,654,654,Scotland,LOCATION
540,656,America,America,America
541,Nigeria,Nigeria,Nigeria,Nigeria
543,659,659,France,LOCATION
545,661,661,England,LOCATION
547,663,663,India,LOCATION
548,664,Canada,Canada,Canada
549,665,America,America,America
550,America,America,America,America
551,667,America,America,America
553,America,America,America,America
554,670,America,America,America
556,672,672,Chile,LOCATION
558,America,America,America,America
559,France,France,France,France
560,India,India,India,India
565,America,America,America,America
567,683,India,India,India
568,684,684,India,LOCATION
570,686,686,Nigeria,LOCATION
571,America,America,America,America
572,688,Canada,Canada,Canada
573,America,America,America,America
574,690,United Kingdom,United Kingdom,United Kingdom
575,691,691,Georgia,LOCATION
576,692,America,America,America
580,697,America,America,America
582,America,America,America,America
583,701,America,America,America
584,702,702,Canada,LOCATION
588,America,America,America,America
589,708,708,Switzerland,LOCATION
592,713,America,America,America
594,America,America,America,America
598,721,Brasil,Brasil,Brasil
599,724,724,Brasil,LOCATION
600,America,America,America,America
601,727,America,America,America
602,728,America,America,America
604,730,730,England,LOCATION
608,734,734,England,LOCATION
609,735,America,America,America
610,736,America,America,America
613,America,America,America,America
614,740,England,England,England
615,741,741,England,LOCATION
617,744,Canada,Canada,Canada
618,745,745,Canada,LOCATION
620,748,United Kingdom,United Kingdom,United Kingdom
621,749,America,America,America
623,America,America,America,America
625,754,America,America,America
629,759,England,England,England
630,760,United Kingdom,United Kingdom,United Kingdom
632,762,America,America,America
633,763,United Kingdom,United Kingdom,United Kingdom
635,765,America,America,America
637,767,767,Canada,LOCATION
638,America,America,America,America
639,769,America,America,America
640,America,America,America,America
641,Germany,Germany,Germany,Germany
643,773,773,Turkey,LOCATION
644,774,774,India,LOCATION
646,776,776,Kuwait,LOCATION
647,777,777,Qatar,LOCATION
648,778,America,America,America
649,779,America,America,America
650,America,America,America,America
651,France,France,France,France
653,785,United Kingdom,United Kingdom,United Kingdom
654,787,Brasil,Brasil,Brasil
655,788,788,Brasil,LOCATION
656,789,England,England,England
657,790,790,England,LOCATION
658,Japan,Japan,Japan,Japan
659,Kenya,Kenya,Kenya,Kenya
661,794,794,England,LOCATION
662,795,795,England,LOCATION
663,797,United Kingdom,United Kingdom,United Kingdom
665,799,America,America,America
666,800,America,America,America
667,America,America,America,America
669,Colombia,Colombia,Colombia,Colombia
671,806,America,America,America
672,807,807,America,LOCATION
673,808,America,America,America
674,809,809,France,LOCATION
675,America,America,America,America
676,811,811,Nigeria,LOCATION
679,815,America,America,America
681,817,817,Germany,LOCATION
682,America,America,America,America
683,819,America,America,America
684,America,America,America,America
686,822,822,Nigeria,LOCATION
687,824,America,America,America
689,America,America,America,America
690,America,America,America,America
691,829,America,America,America
692,831,America,America,America
695,America,America,America,America
696,837,America,America,America
697,838,America,America,America
699,Scotland,Scotland,Scotland,Scotland
700,America,America,America,America
701,America,America,America,America
702,844,America,America,America
704,846,America,America,America
705,Liban,Liban,Liban,Liban
708,850,850,America,LOCATION
709,852,America,America,America
710,853,America,America,America
712,855,855,India,LOCATION
713,Scotland,Scotland,Scotland,Scotland
714,857,857,India,LOCATION
716,859,859,England,LOCATION
717,862,United Kingdom,United Kingdom,United Kingdom
719,864,America,America,America
720,America,America,America,America
723,America,America,America,America
724,870,870,Nigeria,LOCATION
726,872,America,America,America
728,874,America,America,America
729,876,America,America,America
730,877,877,America,LOCATION
731,878,878,Cumbria,LOCATION
732,879,879,England,LOCATION
733,881,America,America,America
735,883,883,Portugal,LOCATION
736,884,America,America,America
737,America,America,America,America
738,886,America,America,America
740,888,United Kingdom,United Kingdom,United Kingdom
741,889,Brasil,Brasil,Brasil
742,892,892,Brasil,LOCATION
743,893,893,Indonesia,LOCATION
744,America,America,America,America
747,897,897,Venezuela,LOCATION
749,India,India,India,India
750,Holland,Holland,Holland,Holland
752,America,America,America,America
753,905,America,America,America
755,America,America,America,America
756,908,America,America,America
758,America,America,America,America
761,913,America,America,America
762,914,914,Canada,LOCATION
763,915,England,England,England
766,918,918,Poland,LOCATION
767,919,England,England,England
768,920,920,England,LOCATION
769,America,America,America,America
770,922,922,Nigeria,LOCATION
771,America,America,America,America
773,America,America,America,America
774,926,America,America,America
778,931,America,America,America
779,932,America,America,America
781,934,America,America,America
782,935,Canada,Canada,Canada
784,Holland,Holland,Holland,Holland
785,Canada,Canada,Canada,Canada
787,940,England,England,England
788,941,941,England,LOCATION
790,943,943,Albania,LOCATION
793,946,946,England,LOCATION
794,947,947,Nigeria,LOCATION
796,949,949,England,LOCATION
797,950,America,America,America
798,952,America,America,America
800,America,America,America,America
802,956,England,England,England
803,957,957,England,LOCATION
805,960,America,America,America
807,962,America,America,America
808,963,963,México,LOCATION
809,964,964,Argentina,LOCATION
810,965,965,Turkey,LOCATION
812,967,America,America,America
815,970,970,Canada,LOCATION
817,972,America,America,America
818,973,America,America,America
820,977,America,America,America
821,978,978,Namibia,LOCATION
822,Germany,Germany,Germany,Germany
823,981,Argentina,Argentina,Argentina
824,Canada,Canada,Canada,Canada
825,984,America,America,America
827,989,America,America,America
828,990,990,Argentina,LOCATION
829,991,991,India,LOCATION
830,India,India,India,India
831,France,France,France,France
833,995,995,England,LOCATION
834,997,America,America,America
836,999,999,England,LOCATION
837,1001,America,America,America
839,1004,1004,England,LOCATION
841,1006,America,America,America
843,1009,America,America,America
844,Philippines,Philippines,Philippines,Philippines
847,1014,America,America,America
848,1015,America,America,America
849,Italy,Italy,Italy,Italy
851,America,America,America,America
853,1020,America,America,America
854,1021,1021,India,LOCATION
855,1022,England,England,England
856,America,America,America,America
858,1025,1025,Kenya,LOCATION
860,1029,America,America,America
861,America,America,America,America
865,America,America,America,America
866,1036,America,America,America
867,Canada,Canada,Canada,Canada
871,1042,United Kingdom,United Kingdom,United Kingdom
872,1044,America,America,America
873,1045,America,America,America
877,1050,1050,Poland,LOCATION
879,1052,America,America,America
880,1053,United Kingdom,United Kingdom,United Kingdom
882,1055,1055,England,LOCATION
883,1056,America,America,America
885,1058,America,America,America
888,America,America,America,America
889,1062,1062,Nigeria,LOCATION
891,1064,America,America,America
892,America,America,America,America
896,America,America,America,America
897,1070,1070,India,LOCATION
900,1073,United Kingdom,United Kingdom,United Kingdom
901,Canada,Canada,Canada,Canada
902,America,America,America,America
905,1078,1078,Chile,LOCATION
906,1079,1079,Canada,LOCATION
911,1085,England,England,England
912,1086,1086,England,LOCATION
915,1089,America,America,America
916,1090,1090,India,LOCATION
917,America,America,America,America
918,America,America,America,America
919,America,America,America,America
928,1102,France,France,France
929,1103,1103,France,LOCATION
930,1105,America,America,America
931,1106,1106,Venezuela,LOCATION
933,1108,1108,India,LOCATION
934,America,America,America,America
935,1110,1110,Nigeria,LOCATION
936,1111,1111,Ecuador,LOCATION
937,1112,1112,Nigeria,LOCATION
939,1114,1114,France,LOCATION
940,America,America,America,America
941,America,America,America,America
943,1118,1118,Bangalore,LOCATION
944,1119,1119,India,LOCATION
945,1121,America,America,America
946,1122,America,America,America
948,1125,America,America,America
949,1126,United Kingdom,United Kingdom,United Kingdom
951,1128,1128,India,LOCATION
952,America,America,America,America
955,America,America,America,America
957,1134,1134,India,LOCATION
959,1136,America,America,America
961,1138,1138,Brazil,LOCATION
964,1143,1143,Zealand,LOCATION
965,1144,America,America,America
966,1148,United Kingdom,United Kingdom,United Kingdom
968,1150,1150,America,LOCATION
970,1153,1153,Canada,LOCATION
972,1156,America,America,America
973,1157,America,America,America
975,1159,America,America,America
977,1161,1161,Malaysia,LOCATION
978,America,America,America,America
979,1164,America,America,America
980,1165,1165,England,LOCATION
981,Namibia,Namibia,Namibia,Namibia
982,1167,1167,Namibia,LOCATION
983,1169,America,America,America
985,America,America,America,America
986,1172,1172,England,LOCATION
987,1173,1173,Australia,LOCATION
988,1174,1174,Bangalore,LOCATION
990,1176,France,France,France
992,America,America,America,America
994,1180,1180,India,LOCATION
995,1181,America,America,America
997,1185,England,England,England
998,1186,1186,Venezuela,LOCATION
999,1187,Brasil,Brasil,Brasil
1000,1188,1188,Brasil,LOCATION
1001,1190,1190,England,LOCATION
1003,1192,1192,America,LOCATION
1004,1194,England,England,England
1005,1195,1195,England,LOCATION
1009,1199,America,America,America
1010,1200,France,France,France
1011,1201,1201,France,LOCATION
1013,1203,America,America,America
1014,1205,America,America,America
1015,1207,America,America,America
1016,1208,1208,Columbia,LOCATION
1017,1209,1209,Canada,LOCATION
1019,1211,America,America,America
1021,America,America,America,America
1022,1214,America,America,America
1024,1216,America,America,America
1025,America,America,America,America
1028,1220,1220,Scotland,LOCATION
1029,1222,United Kingdom,United Kingdom,United Kingdom
1032,Nigeria,Nigeria,Nigeria,Nigeria
1033,1226,1226,Nigeria,LOCATION
1034,1227,1227,Brasilia,LOCATION
1035,Spain,Spain,Spain,Spain
1037,1230,1230,Philippines,LOCATION
1038,1231,America,America,America
1040,1234,America,America,America
1042,America,America,America,America
1044,1238,1238,Portugal,LOCATION
1045,1239,United Kingdom,United Kingdom,United Kingdom
1047,1241,1241,France,LOCATION
1048,1243,America,America,America
1050,1245,America,America,America
1052,1247,America,America,America
1053,1248,1248,Scotland,LOCATION
1054,1249,1249,Nigeria,LOCATION
1055,1250,Holland,Holland,Holland
1056,1252,America,America,America
1058,America,America,America,America
1060,1258,America,America,America
1062,Scotland,Scotland,Scotland,Scotland
1064,1262,America,America,America
1065,1263,1263,Argentina,LOCATION
1066,Liban,Liban,Liban,Liban
1069,1267,1267,America,LOCATION
1070,America,America,America,America
1071,1269,1269,Waterloo,LOCATION
1073,1272,America,America,America
1074,1273,1273,India,LOCATION
1075,Scotland,Scotland,Scotland,Scotland
1076,1275,1275,India,LOCATION
1079,1279,America,America,America
1080,1281,1281,Kingdom.,LOCATION
1081,1282,1282,Canada,LOCATION
1084,1285,1285,England,LOCATION
1085,1286,1286,England,LOCATION
1086,Colombia,Colombia,Colombia,Colombia
1087,1288,1288,Nigeria,LOCATION
1088,1289,1289,Columbia,LOCATION
1091,1292,America,America,America
1095,1296,America,America,America
1096,1298,America,America,America
1098,1300,1300,America,LOCATION
1099,1302,America,America,America
1100,1303,1303,Portugal,LOCATION
1101,1304,America,America,America
1102,1305,Brasil,Brasil,Brasil
1104,1308,1308,Brasil,LOCATION
1106,America,America,America,America
1107,1311,1311,Indonesia,LOCATION
1108,1312,1312,Venezuela,LOCATION
1112,1318,America,America,America
1113,1319,1319,France,LOCATION
1115,America,America,America,America
1116,1322,America,America,America
1117,America,America,America,America
1119,1325,1325,Canada,LOCATION
1120,1326,England,England,England
1121,1327,1327,Poland,LOCATION
1122,1328,1328,England,LOCATION
1123,1329,1329,Nigeria,LOCATION
1124,America,America,America,America
1127,1333,America,America,America
1129,1336,United Kingdom,United Kingdom,United Kingdom
1131,1338,America,America,America
1133,1340,1340,France,LOCATION
1135,1342,1342,France,LOCATION
1136,1343,1343,Canada,LOCATION
1138,1345,1345,England,LOCATION
1139,1346,1346,England,LOCATION
1140,1347,1347,Albania,LOCATION
1141,1348,1348,Nigeria,LOCATION
1142,1349,1349,England,LOCATION
1143,1350,America,America,America
1144,1351,1351,England,LOCATION
1145,1353,America,America,America
1146,1354,1354,Dublin,LOCATION
1147,1355,1355,Ireland,LOCATION
1149,1357,America,America,America
1151,1359,1359,England,LOCATION
1152,1361,America,America,America
1154,1363,America,America,America
1155,1364,1364,Nigeria,LOCATION
1156,1365,1365,Argentina,LOCATION
1157,1366,1366,Turkey,LOCATION
1159,1368,America,America,America
1161,1370,1370,Canada,LOCATION
1162,1371,America,America,America
1163,1372,1372,France,LOCATION
1165,1374,United Kingdom,United Kingdom,United Kingdom
1166,1375,1375,Namibia,LOCATION
1168,1377,America,America,America
1169,1378,1378,America,LOCATION
1171,1380,1380,Thailand,LOCATION
1172,1381,Argentina,Argentina,Argentina
1174,Canada,Canada,Canada,Canada
1176,1387,America,America,America
1177,1388,1388,Argentina,LOCATION
1178,1389,1389,India,LOCATION
1179,1390,1390,England,LOCATION
1180,1391,Germany,Germany,Germany
1181,1392,1392,Guerrero,LOCATION
1182,1393,1393,Canada,LOCATION
1183,India,India,India,India
1184,France,France,France,France
1185,1396,America,America,America
1186,1397,1397,England,LOCATION
1188,1401,America,America,America
1190,1403,1403,America,LOCATION
1191,1404,1404,England,LOCATION
1193,1407,America,America,America
1194,1408,United Kingdom,United Kingdom,United Kingdom
1195,1409,1409,England,LOCATION
1197,1411,America,America,America
1199,1414,America,America,America
1200,Philippines,Philippines,Philippines,Philippines
1205,1420,America,America,America
1207,1422,1422,Ghana,LOCATION
1208,1423,1423,Ireland,LOCATION
1209,1424,1424,India,LOCATION
1210,1425,England,England,England
1212,1427,America,America,America
1214,America,America,America,America
1215,1430,1430,Kenya,LOCATION
1216,1432,America,America,America
1217,1433,America,America,America
1219,1435,1435,"Georgia,",LOCATION
1220,1436,America,America,America
1222,1439,Canada,Canada,Canada
1227,1444,America,America,America
1229,1446,America,America,America
1230,1447,1447,Canada,LOCATION
1233,1451,1451,France,LOCATION
1234,1453,America,America,America
1235,1454,1454,England,LOCATION
1236,1455,1455,Poland,LOCATION
1237,1457,America,America,America
1238,1458,1458,Canada,LOCATION
1240,1460,America,America,America
1241,1461,1461,United Kingdom,LOCATION
1242,1462,1462,Spain,LOCATION
1243,1463,1463,England,LOCATION
1244,1464,America,America,America
1245,1465,America,America,America
1248,1468,1468,Nigeria,LOCATION
1250,1470,America,America,America
1251,1471,Canada,Canada,Canada
1253,1473,1473,Nigeria,LOCATION
1254,1474,1474,India,LOCATION
1256,1476,1476,Brazil,LOCATION
1257,1477,1477,Argentina,LOCATION
1259,1479,America,America,America
1260,America,America,America,America
1263,America,America,America,America
1264,1485,1485,Turkey,LOCATION
1265,1486,1486,India,LOCATION
1267,Canada,Canada,Canada,Canada
1270,1491,1491,Chile,LOCATION
1271,1492,1492,England,LOCATION
1275,1496,America,America,America
1276,1497,Canada,Canada,Canada
1277,1498,America,America,America
1278,1499,1499,India,LOCATION
1280,America,America,America,America
1281,America,America,America,America
1282,America,America,America,America
1283,1504,America,America,America
1289,1512,America,America,America
1291,1514,1514,France,LOCATION
1292,1516,America,America,America
1293,1517,1517,Venezuela,LOCATION
1294,1518,1518,India,LOCATION
1295,1519,1519,Argentina,LOCATION
1296,1520,1520,France,LOCATION
1297,1521,1521,Venezuela,LOCATION
1298,1522,1522,Nigeria,LOCATION
1299,1523,1523,Ecuador,LOCATION
1300,1524,1524,Nigeria,LOCATION
1301,1525,1525,France,LOCATION
1302,1526,1526,India,LOCATION
1303,America,America,America,America
1304,1528,1528,Nigeria,LOCATION
1305,America,America,America,America
1306,America,America,America,America
1309,1534,Brasil,Brasil,Brasil
1310,1535,1535,Bangalore,LOCATION
1311,1536,1536,India,LOCATION
1312,1538,America,America,America
1313,1539,1539,Ecuador,LOCATION
1314,1540,America,America,America
1315,1541,1541,Mexico,LOCATION
1316,1543,1543,Canada,LOCATION
1317,1544,1544,Venezuela,LOCATION
1320,1548,United Kingdom,United Kingdom,United Kingdom
1321,1549,1549,India,LOCATION
1322,1550,1550,India,LOCATION
1324,1552,America,America,America
1325,1553,1553,Brazil,LOCATION
1329,1558,1558,Zealand,LOCATION
1330,1559,1559,Turkey,LOCATION
1331,1560,1560,Columbia,LOCATION
1332,1562,United Kingdom,United Kingdom,United Kingdom
1334,1564,1564,America,LOCATION
1335,1565,1565,Argentina,LOCATION
1336,1566,1566,England,LOCATION
1337,1568,1568,Canada,LOCATION
1340,1571,America,America,America
1341,1572,1572,Holland,LOCATION
1343,1574,America,America,America
1344,1575,1575,Malaysia,LOCATION
1345,1577,United Kingdom,United Kingdom,United Kingdom
1346,America,America,America,America
1347,1579,1579,Canada,LOCATION
1348,1581,America,America,America
1349,1582,1582,Namibia,LOCATION
1352,1585,America,America,America
1353,1586,1586,Scotland,LOCATION
1354,1587,America,America,America
1355,1589,America,America,America
1357,1591,America,America,America
1358,1592,1592,England,LOCATION
1359,1593,1593,Scotland,LOCATION
1360,1594,1594,England,LOCATION
1361,1595,1595,Australia,LOCATION
1362,1596,1596,Bangalore,LOCATION
1366,1600,1600,India,LOCATION
1367,1601,America,America,America
1370,1605,England,England,England
1371,1607,England,England,England
1372,1609,1609,England,LOCATION
1373,1610,1610,England,LOCATION
1374,1611,1611,Pakistan,LOCATION
1375,1612,1612,Venezuela,LOCATION
1379,1616,America,America,America
1380,America,America,America,America
1381,1618,1618,France,LOCATION
1383,1620,1620,America,LOCATION
1384,1621,1621,Canada,LOCATION
1385,1623,America,America,America
1386,1625,America,America,America
1387,1626,1626,Canada,LOCATION
1389,1628,America,America,America
1390,1629,America,America,America
1392,1632,United Kingdom,United Kingdom,United Kingdom
1393,1633,1633,Nigeria,LOCATION
1394,1634,1634,Brazil,LOCATION
1395,Spain,Spain,Spain,Spain
1397,1637,1637,Philippines,LOCATION
1398,1638,1638,Kenya,LOCATION
1400,1640,America,America,America
1401,1641,America,America,America
1403,1644,America,America,America
1405,1646,1646,Portugal,LOCATION
1406,1647,United Kingdom,United Kingdom,United Kingdom
1407,1648,1648,France,LOCATION
1408,1650,America,America,America
1409,1652,America,America,America
1411,1654,America,America,America
1412,1655,Argentina,Argentina,Argentina
1413,America,America,America,America
1415,1659,America,America,America
1416,America,America,America,America
1417,1661,America,America,America
1418,America,America,America,America
1419,1663,America,America,America
1421,1665,1665,Scotland,LOCATION
1422,1666,1666,England,LOCATION
1423,1668,United Kingdom,United Kingdom,United Kingdom
1424,1669,1669,England,LOCATION
1428,1673,1673,Mexico,LOCATION
1430,1676,America,America,America
1431,1677,1677,Canada,LOCATION
1433,1679,United Kingdom,United Kingdom,United Kingdom
1434,America,America,America,America
1436,1682,1682,Italy,LOCATION
1438,1685,1685,Canada,LOCATION
1439,America,America,America,America
1441,1688,1688,India,LOCATION
1442,1689,Canada,Canada,Canada
1443,America,America,America,America
1444,1691,America,America,America
1445,1692,America,America,America
1446,1693,1693,Guatemala,LOCATION
1448,1695,1695,England,LOCATION
1450,1698,United Kingdom,United Kingdom,United Kingdom
1452,1700,1700,Italy,LOCATION
1454,1702,America,America,America
1457,1705,1705,England,LOCATION
1459,America,America,America,America
1461,1710,America,America,America
1463,America,America,America,America
1466,1715,1715,England,LOCATION
1467,1716,United Kingdom,United Kingdom,United Kingdom
1468,1717,1717,Germany,LOCATION
1469,1718,America,America,America
1473,America,America,America,America
1474,America,America,America,America
1475,1727,America,America,America
1477,America,America,America,America
1479,1732,1732,England,LOCATION
1480,1733,1733,Nigeria,LOCATION
1482,1735,1735,Ireland,LOCATION
1484,1737,America,America,America
1485,America,America,America,America
1487,1741,1741,India,LOCATION
1489,America,America,America,America
1490,1744,America,America,America
1491,Canada,Canada,Canada,Canada
1492,1746,1746,Scotland,LOCATION
1493,1747,1747,France,LOCATION
1495,1749,1749,India,LOCATION
1498,1752,1752,India,LOCATION
1499,1754,America,America,America
1503,1759,1759,Mexico,LOCATION
1504,1761,America,America,America
1506,America,America,America,America
1509,1767,United Kingdom,United Kingdom,United Kingdom
1514,1772,1772,India,LOCATION
1515,1773,America,America,America
1516,1776,1776,Malawi,LOCATION
1517,1777,1777,Brasília,LOCATION
1518,1778,1778,Brasil,LOCATION
1520,1780,1780,France,LOCATION
1522,1782,America,America,America
1523,1783,India,India,India
1524,1784,1784,India,LOCATION
1525,1786,America,America,America
1526,1787,Canada,Canada,Canada
1529,1790,America,America,America
1530,1791,1791,India,LOCATION
1531,1793,America,America,America
1532,1796,America,America,America
1534,1799,1799,Georgia,LOCATION
1535,1800,America,America,America
1536,1801,America,America,America
1537,1803,America,America,America
1538,1805,America,America,America
1539,1807,1807,England,LOCATION
1540,1808,1808,Nigeria,LOCATION
1544,1813,America,America,America
1545,1815,America,America,America
1546,1816,America,America,America
1549,1820,America,America,America
1550,America,America,America,America
1552,1823,America,America,America
1553,America,America,America,America
1554,1826,Brasil,Brasil,Brasil
1555,1827,1827,Brasil,LOCATION
1557,1829,1829,Germany,LOCATION
1559,1831,1831,Switzerland,LOCATION
1560,1832,America,America,America
1561,America,America,America,America
1563,1836,1836,India,LOCATION
1564,1838,1838,Columbia,LOCATION
1567,America,America,America,America
1572,1846,United Kingdom,United Kingdom,United Kingdom
1573,1847,1847,Nigeria,LOCATION
1575,1849,America,America,America
1576,1850,France,France,France
1577,1851,1851,France,LOCATION
1579,1853,1853,Scotland,LOCATION
1580,1854,1854,Spain,LOCATION
1581,1855,1855,Romania,LOCATION
1582,America,America,America,America
1583,1857,1857,Venezuela,LOCATION
1585,India,India,India,India
1590,1864,1864,Sri Lanka ,LOCATION
1593,1868,America,America,America
1594,1869,France,France,France
1596,America,America,America,America
1597,1873,America,America,America
1598,1875,England,England,England
1599,1876,1876,England,LOCATION
1600,1877,1877,Canada,LOCATION
1601,1878,1878,Brazil,LOCATION
1602,South Africa,South Africa,South Africa,South Africa
1604,America,America,America,America
1607,America,America,America,America
1609,1891,America,America,America
1611,1895,India,India,India
1612,1896,1896,India,LOCATION
1613,1898,United Kingdom,United Kingdom,United Kingdom
1615,1900,America,America,America
1617,1902,1902,Chile,LOCATION
1618,1903,1903,America,LOCATION
1620,1905,1905,England,LOCATION
1621,America,America,America,America
1622,1907,America,America,America
1624,1909,1909,India,LOCATION
1626,1911,America,America,America
1628,America,America,America,America
1629,1914,America,America,America
1631,1916,1916,India,LOCATION
1632,America,America,America,America
1633,1918,1918,Nigeria,LOCATION
1634,1919,America,America,America
1635,1920,1920,Ecuador,LOCATION
1637,1922,1922,Thailand,LOCATION
1640,America,America,America,America
1642,1927,America,America,America
1643,1928,1928,Italy,LOCATION
1646,1931,America,America,America
1648,1933,1933,Portugal,LOCATION
1649,1935,America,America,America
1650,1936,America,America,America
1652,1938,America,America,America
1657,1943,1943,Scotland,LOCATION
1659,1945,America,America,America
1660,America,America,America,America
1661,1947,Argentina,Argentina,Argentina
1662,1949,1949,Argentina,LOCATION
1664,1951,America,America,America
1666,1953,America,America,America
1670,1957,America,America,America
1671,Scotland,Scotland,Scotland,Scotland
1672,1959,1959,Scotland,LOCATION
1675,1962,1962, Ireland ,LOCATION
1679,America,America,America,America
1682,1969,1969,Ireland,LOCATION
1683,America,America,America,America
1684,1971,America,America,America
1685,1973,America,America,America
1686,America,America,America,America
1688,1977,America,America,America
1689,America,America,America,America
1690,1980,America,America,America
1692,1982,1982,Nigeria,LOCATION
1693,1983,1983,America,LOCATION
1695,1985,1985,Italy,LOCATION
1696,America,America,America,America
1697,1987,America,America,America
1698,America,America,America,America
1699,1989,America,America,America
1703,America,America,America,America
1704,1995,America,America,America
1708,2000,United Kingdom,United Kingdom,United Kingdom
1710,2002,United Kingdom,United Kingdom,United Kingdom
1711,America,America,America,America
1713,2005,2005,India,LOCATION
1715,2007,America,America,America
1716,2008,2008,Australia,LOCATION
1717,2009,America,America,America
1719,America,America,America,America
1721,America,America,America,America
1722,2015,2015,Nigeria,LOCATION
1724,2017,America,America,America
1726,2020,2020,England,LOCATION
1727,2021,America,America,America
1728,2022,America,America,America
1730,2024,2024,India,LOCATION
1732,America,America,America,America
1734,2028,2028,India,LOCATION
1736,2030,2030,England,LOCATION
1738,2033,America,America,America
1741,2036,America,America,America
1742,2037,America,America,America
1743,2038,America,America,America
1747,2042,2042,Greece,LOCATION
1749,2044,2044,Japan,LOCATION
1750,2045,England,England,England
1751,2046,2046,Athens,LOCATION
1752,Kenya,Kenya,Kenya,Kenya
1753,2048,2048,Kenya,LOCATION
1755,America,America,America,America
1756,America,America,America,America
1757,2053,2053,Mexico,LOCATION
1758,2054,2054,Ireland,LOCATION
1759,2056,America,America,America
1760,2058,England,England,England
1761,2059,America,America,America
1763,2064,2064,China,LOCATION
1764,2065,2065,America,LOCATION
1765,United Arab Emirates,United Arab Emirates,United Arab Emirates,United Arab Emirates
1767,2070,2070,France,LOCATION
1768,2071,2071,America,LOCATION
1771,2074,Argentina,Argentina,Argentina
1774,2078,United Kingdom,United Kingdom,United Kingdom
1775,2079,2079,Columbia,LOCATION
1776,2080,Canada,Canada,Canada
1777,2081,2081,Canada,LOCATION
1779,2083,2083,America,LOCATION
1781,2085,America,America,America
1782,2087,America,America,America
1785,America,America,America,America
1786,2093,America,America,America
1788,2095,2095,Scotland,LOCATION
1790,America,America,America,America
1791,2099,Holland,Holland,Holland
1792,America,America,America,America
1793,2102,2102,Waterloo,LOCATION
1795,2104,America,America,America
1796,America,America,America,America
1797,2107,America,America,America
1799,2109,America,America,America
1801,2112,America,America,America
1803,2114,America,America,America
1804,2115,2115,Worthing,LOCATION
1805,2116,United Kingdom,United Kingdom,United Kingdom
1806,2119,2119,England,LOCATION
1807,2121,Brasil,Brasil,Brasil
1808,2122,2122,Brasil,LOCATION
1809,2124,2124,Hampshire,LOCATION
1810,2125,America,America,America
1811,2126,2126,England,LOCATION
1812,2127,Canada,Canada,Canada
1813,2128,United Kingdom,United Kingdom,United Kingdom
1814,2129,2129,Columbia,LOCATION
1817,2132,America,America,America
1819,America,America,America,America
1820,2135,America,America,America
1821,2136,America,America,America
1824,America,America,America,America
1825,2142,2142,Hartford,LOCATION
1826,2143,2143,Chesapeake,LOCATION
1827,America,America,America,America
1828,2145,2145,Subang,LOCATION
1830,2147,2147,Hobart,LOCATION
1831,2148,2148,Boca,LOCATION
1832,2149,2149,Raton,LOCATION
1833,2150,2150,FL,LOCATION
1834,2151,2151,England,LOCATION
1835,2153,United Kingdom,United Kingdom,United Kingdom
1836,France,France,France,France
1837,2155,2155,France,LOCATION
1838,2156,2156,France,LOCATION
1839,2157,England,England,England
1840,2158,2158,England,LOCATION
1841,2160,America,America,America
1842,2161,2161,Dublin,LOCATION
1843,2163,2163,Ireland,LOCATION
1844,2164,America,America,America
1845,2165,America,America,America
1847,2168,America,America,America
1848,2169,2169,Nigeria,LOCATION
1849,2170,2170,Amherst,LOCATION
1850,2171,2171,France,LOCATION
1851,2172,2172,Oxford,LOCATION
1852,2173,United Kingdom,United Kingdom,United Kingdom
1853,2174,2174,Alagoas,LOCATION
1854,2175,2175,Brasil,LOCATION
1856,2177,America,America,America
1857,2178,2178,Middletown,LOCATION
1861,America,America,America,America
1862,2183,2183,Thailand,LOCATION
1864,2185,2185,Omaha,LOCATION
1865,2186,2186,England,LOCATION
1866,2187,Germany,Germany,Germany
1867,2188,2188,ADOS,LOCATION
1868,2189,America,America,America
1869,2190,2190,Halifax,LOCATION
1871,Scotland,Scotland,Scotland,Scotland
1872,2193,2193,Canada,LOCATION
1873,2194,2194,Carmel,LOCATION
1874,2195,America,America,America
1875,2196,America,America,America
1876,2197,America,America,America
1877,2198,2198,Toledo,LOCATION
1878,2199,2199,CastillaLa,LOCATION
1879,2200,2200,Mancha,LOCATION
1881,2202,2202,Ghana,LOCATION
1882,2203,2203,Dublin,LOCATION
1883,2204,2204,Ireland,LOCATION
1885,2206,America,America,America
1886,2207,2207,Burnsville,LOCATION
1888,2209,America,America,America
1890,America,America,America,America
1891,2213,America,America,America
1893,America,America,America,America
1894,2216,2216,Georgia,LOCATION
1895,2217,America,America,America
1896,2218,Canada,Canada,Canada
1897,America,America,America,America
1898,2220,America,America,America
1899,2221,2221,Sacramento,LOCATION
1900,2222,2222,Baltimore,LOCATION
1901,2223,America,America,America
1902,Canada,Canada,Canada,Canada
1904,2226,2226,Watford,LOCATION
1905,2227,2227,England,LOCATION
1906,2229,America,America,America
1907,2230,2230,Denver,LOCATION
1909,2232,Canada,Canada,Canada
1910,2233,2233,Nigeria,LOCATION
1911,2234,2234,Jaipur,LOCATION
1912,2235,2235,India,LOCATION
1913,2236,2236,Recife,LOCATION
1914,2237,2237,Pernambuco,LOCATION
1915,2238,2238,Philly,LOCATION
1916,2239,2239,Honolulu,LOCATION
1917,America,America,America,America
1919,2243,2243,Turkey,LOCATION
1920,2244,2244,Cincinnati,LOCATION
1922,2246,America,America,America
1923,2247,America,America,America
1924,2250,2250,Cleveland,LOCATION
1926,2252,2252,Sturbridge,LOCATION
1927,2253,2253,MA,LOCATION
1928,2254,Canada,Canada,Canada
1929,2255,America,America,America
1931,America,America,America,America
1933,America,America,America,America
1935,2264,America,America,America
1936,2265,2265,Orlando,LOCATION
1937,2266,2266,Spokane,LOCATION
1939,2268,2268,Salta,LOCATION
1940,2269,2269,Argentina,LOCATION
1941,2270,France,France,France
1942,2271,2271,France,LOCATION
1943,2272,2272,Venezuela,LOCATION
1945,America,America,America,America
1946,2276,2276,Andhra,LOCATION
1947,2277,2277,Pradesh,LOCATION
1948,2278,2278,India,LOCATION
1949,America,America,America,America
1950,2280,2280,Nigeria,LOCATION
1951,America,America,America,America
1952,2282,2282,Embu,LOCATION
1953,2284,Brasil,Brasil,Brasil
1954,Germany,Germany,Germany,Germany
1955,2287,2287,Mexico,LOCATION
1956,2289,2289,Park,LOCATION
1957,2290,2290,View,LOCATION
1958,America,America,America,America
1959,2293,2293,Venezuela,LOCATION
1960,America,America,America,America
1961,2296,2296,Ankara,LOCATION
1962,2297,2297,Columbia,LOCATION
1963,2298,2298,Bristol,LOCATION
1964,2299,2299,England,LOCATION
1965,2300,America,America,America
1966,2301,America,America,America
1968,2304,United Kingdom,United Kingdom,United Kingdom
1969,2305,2305,Canada,LOCATION
1970,2306,2306,FL,LOCATION
1971,2307,America,America,America
1972,2308,2308,Brescia,LOCATION
1973,2309,2309,Lombardia,LOCATION
1974,2310,America,America,America
1975,2311,America,America,America
1976,2312,2312,Scotland,LOCATION
1977,2313,America,America,America
1979,2315,America,America,America
1981,2317,2317,England,LOCATION
1982,2318,2318,Scotland,LOCATION
1984,2321,Brasil,Brasil,Brasil
1985,2322,2322,Brasil,LOCATION
1986,2323,2323,Karachi,LOCATION
1987,2324,2324,Pakistan,LOCATION
1988,2325,2325,Venezuela,LOCATION
1990,America,America,America,America
1991,America,America,America,America
1992,2329,America,America,America
1993,America,America,America,America
1995,2332,America,America,America
1996,2333,England,England,England
1998,2335,2335,Canada,LOCATION
1999,America,America,America,America
2001,India,India,India,India
2002,India,India,India,India
2005,America,America,America,America
2006,2344,America,America,America
2007,2346,America,America,America
